title,slug,url,ico_type,category,rating,pre_ico_start,pre_ico_end,ico_start,ico_end
Vice Industry Token,vice-industry-token,https://www.trackico.io/ico/vice-industry-token/,Trading,Games & Entertainment,3.3,null,null,2018-02-20T00:00:00Z,null
DATx,datx,https://www.trackico.io/ico/datx/,Trading,Platform,0,null,null,null,null
Sentinel Chain,sentinel-chain,https://www.trackico.io/ico/sentinel-chain/,Trading,Finance,4.4,null,null,2018-03-06T00:01:00Z,2018-03-08T23:59:00Z
IP Exchange,ip-exchange,https://www.trackico.io/ico/ip-exchange/,Trading,Platform,4.6,null,null,2018-02-28T15:00:00Z,2018-03-05T00:00:00Z
EFFECT.AI,effectai,https://www.trackico.io/ico/effectai/,Trading,Platform,4.6,null,null,2018-03-24T10:00:00Z,2018-03-28T10:00:00Z
Friendz,friendz,https://www.trackico.io/ico/friendz/,Trading,Business,4.6,null,null,2018-03-01T11:00:00Z,2018-03-21T00:00:00Z
LeadCoin,leadcoin,https://www.trackico.io/ico/leadcoin/,Trading,Platform,4.1,null,null,2018-03-01T01:00:00Z,2018-03-01T02:40:00Z
Helbiz,helbiz,https://www.trackico.io/ico/helbiz/,Trading,Business,4.4,null,null,2018-01-26T12:00:00Z,2018-03-04T12:00:00Z
JET8,jet8,https://www.trackico.io/ico/jet8/,Trading,Social Media,4.8,2018-01-01T00:00:00Z,2018-02-11T23:59:59Z,2018-02-28T06:00:00Z,2018-03-06T13:00:00Z
dock.io,dockio,https://www.trackico.io/ico/dockio/,Trading,Platform,4.1,null,null,2018-02-08T00:00:00Z,2018-02-21T00:00:00Z
Zeepin,zeepin,https://www.trackico.io/ico/zeepin/,Trading,Platform,4.4,null,null,2018-01-18T13:00:00Z,2018-01-29T12:59:00Z
Tokenomy,tokenomy,https://www.trackico.io/ico/tokenomy/,Trading,Platform,4.6,2018-01-08T00:00:00Z,2018-01-15T00:00:00Z,2018-01-15T00:00:00Z,2018-02-12T00:00:00Z
Gems,gems,https://www.trackico.io/ico/gems/,Trading,Business,3.7,null,null,null,null
Rchain,rchain,https://www.trackico.io/ico/rchain/,Trading,Cryptocurrency,3.9,null,null,null,null
Zilliqa,zilliqa,https://www.trackico.io/ico/zilliqa/,Trading,Platform,3.9,null,null,null,null
CargoX,cargox,https://www.trackico.io/ico/cargox/,Trading,Business,4.6,null,null,2018-01-23T14:00:00Z,2018-01-23T14:07:40Z
Particl,particl,https://www.trackico.io/ico/particl/,Trading,Other,4.3,null,null,2017-03-17T00:00:00Z,2017-04-13T23:00:00Z
Fusion,fusion,https://www.trackico.io/ico/fusion/,Trading,Platform,3.9,null,null,null,null
Datawallet,datawallet,https://www.trackico.io/ico/datawallet/,Trading,Business,4.3,2018-01-22T00:00:00Z,2018-02-05T00:00:00Z,2018-02-05T00:00:00Z,2018-02-07T00:00:00Z
Electrify.Asia,electrifyasia,https://www.trackico.io/ico/electrifyasia/,Trading,Platform,4.3,2018-01-15T00:00:00Z,2018-02-15T23:59:59Z,2018-02-23T00:00:00Z,2018-03-01T23:59:59Z
Restart Energy,restart-energy,https://www.trackico.io/ico/restart-energy/,Trading,Cryptocurrency,5,2018-01-15T00:00:00Z,2018-01-28T00:00:00Z,null,null
TomoCoin,tomocoin,https://www.trackico.io/ico/tomocoin/,Trading,Cryptocurrency,4.8,null,null,2018-03-01T00:00:00Z,2018-03-05T00:00:00Z
BnkToTheFuture,bnktothefuture,https://www.trackico.io/ico/bnktothefuture/,Trading,Platform,4.3,null,null,2018-02-06T00:00:00Z,2018-02-16T23:00:00Z
aXpire,axpire,https://www.trackico.io/ico/axpire/,Trading,Business,4.1,null,null,2018-01-08T00:00:00Z,2018-01-10T23:59:59Z
Cappasity,cappasity,https://www.trackico.io/ico/cappasity/,Trading,Platform,4.6,2018-02-22T13:00:00Z,2018-03-22T13:00:00Z,null,null
Legolas Exchange,legolas-exchange,https://www.trackico.io/ico/legolas-exchange/,Trading,Trading,4.4,2017-09-29T00:00:00Z,2018-01-30T00:00:00Z,2018-02-01T00:00:00Z,2018-02-15T00:00:00Z
ODEM,odem,https://www.trackico.io/ico/odem/,Trading,Platform,4.6,null,null,2018-02-17T08:00:00Z,2018-03-18T08:00:00Z
ArcBlock,arcblock,https://www.trackico.io/ico/arcblock/,Trading,Platform,4.8,null,null,2018-02-03T23:00:00Z,2018-02-04T00:00:00Z
Blockport,blockport,https://www.trackico.io/ico/blockport/,Trading,Other,2.6,2018-01-03T14:00:00Z,2018-01-17T14:00:00Z,2018-02-01T14:00:00Z,2018-02-28T14:00:00Z
Elastos,elastos,https://www.trackico.io/ico/elastos/,Trading,Internet,4.4,null,null,2018-01-01T00:00:00Z,2018-01-31T00:00:00Z
EZPOS,ezpos,https://www.trackico.io/ico/ezpos/,Trading,Business,4.6,2017-12-07T00:00:00Z,2017-12-31T00:00:00Z,2018-01-08T00:00:00Z,2018-02-04T00:00:00Z
TE-FOOD,te-food,https://www.trackico.io/ico/te-food/,Trading,Other,4.6,null,null,2018-02-22T00:00:00Z,2018-03-22T00:00:00Z
TheKEY,thekey,https://www.trackico.io/ico/thekey/,Trading,Other,4.8,2017-11-01T00:00:00Z,2018-01-15T01:00:00Z,2018-02-01T00:00:00Z,2018-02-28T00:00:00Z
AdHive,adhive,https://www.trackico.io/ico/adhive/,Trading,Platform,4.3,2018-01-31T15:00:00Z,2018-02-06T12:00:00Z,2018-02-07T00:00:00Z,2018-03-07T00:00:00Z
Havven,havven,https://www.trackico.io/ico/havven/,Trading,Cryptocurrency,5,null,null,2018-02-28T20:00:00Z,2018-02-28T21:45:00Z
Ethorse,ethorse,https://www.trackico.io/ico/ethorse/,Trading,Games & Entertainment,3.9,null,null,2018-01-10T00:00:00Z,2018-02-20T00:00:00Z
PolySwarm,polyswarm,https://www.trackico.io/ico/polyswarm/,Trading,Platform,4.8,null,null,2018-02-20T19:00:00Z,2018-03-22T19:00:00Z
TravelFlex,travelflex,https://www.trackico.io/ico/travelflex/,Trading,Other,3.9,null,null,2017-12-14T00:00:00Z,2018-01-12T23:00:00Z
CFun,cfun,https://www.trackico.io/ico/cfun/,Trading,Platform,3.7,null,null,2017-12-18T00:00:00Z,2018-01-31T00:00:00Z
Qlink,qlink,https://www.trackico.io/ico/qlink/,Trading,Other,4.4,2017-11-28T00:00:00Z,2017-12-07T00:00:00Z,null,null
BlitzPredict,blitzpredict,https://www.trackico.io/ico/blitzpredict/,Trading,Platform,4.4,2018-01-22T00:00:00Z,2018-02-05T00:00:00Z,2018-02-05T00:00:00Z,null
Bottos,bottos,https://www.trackico.io/ico/bottos/,Trading,Platform,3.3,null,null,null,null
ForceNet,forcenet,https://www.trackico.io/ico/forcenet/,Trading,Internet,2.2,null,null,null,null
LendConnect,lendconnect,https://www.trackico.io/ico/lendconnect/,Trading,Platform,3.3,null,null,2017-11-27T00:00:00Z,2017-12-12T00:00:00Z
CRYCASH,crycash,https://www.trackico.io/ico/crycash/,Trading,Cryptocurrency,4.6,null,null,2017-12-12T19:00:00Z,2018-02-01T18:59:00Z
Open Trading Network,open-trading-network,https://www.trackico.io/ico/open-trading-network/,Trading,Trading,3.7,null,null,null,null
Aditus,aditus,https://www.trackico.io/ico/aditus/,Trading,Platform,3.3,null,null,2017-11-30T00:00:00Z,2017-12-20T00:00:00Z
ClearCoin,clearcoin,https://www.trackico.io/ico/clearcoin/,Trading,Platform,5,null,null,2017-11-18T00:00:00Z,2018-03-31T00:00:00Z
Lympo,lympo,https://www.trackico.io/ico/lympo/,Trading,Fitness,5,2018-01-23T12:00:00Z,2018-01-30T00:00:00Z,2018-02-17T11:00:00Z,2018-02-28T13:00:00Z
SureRemit,sureremit,https://www.trackico.io/ico/sureremit/,Trading,Platform,3.1,null,null,2017-12-08T00:00:00Z,2018-01-05T00:00:00Z
carVertical,carvertical,https://www.trackico.io/ico/carvertical/,Trading,Platform,5,null,null,2017-12-26T00:00:00Z,2018-01-16T00:00:00Z
InsurePal,insurepal,https://www.trackico.io/ico/insurepal/,Trading,Platform,4.4,null,null,2018-01-16T00:00:00Z,2018-02-05T00:00:00Z
Budbo,budbo,https://www.trackico.io/ico/budbo/,Trading,Cryptocurrency,4.4,2017-11-27T00:00:00Z,2018-01-14T00:00:00Z,2018-01-15T00:00:00Z,2018-03-05T00:00:00Z
Origami Network,origami-network,https://www.trackico.io/ico/origami-network/,Trading,Platform,3.9,2018-02-13T00:00:00Z,2018-02-20T00:00:00Z,2018-02-23T00:00:00Z,2018-03-23T00:00:00Z
Mercury Protocol,mercury-protocol,https://www.trackico.io/ico/mercury-protocol/,Trading,Software,2.8,null,null,null,null
OneRoot,oneroot,https://www.trackico.io/ico/oneroot/,Trading,Platform,2.8,null,null,2017-12-05T00:00:00Z,2018-01-04T00:00:00Z
Steneum Coin,steneum-coin,https://www.trackico.io/ico/steneum-coin/,Trading,Cryptocurrency,3,null,null,2017-12-01T12:00:00Z,2018-01-01T00:00:00Z
Farst Network,farst-network,https://www.trackico.io/ico/farst-network/,Trading,Platform,2.4,null,null,null,null
Lendroid,lendroid,https://www.trackico.io/ico/lendroid/,Trading,Other,4.3,null,null,2018-02-19T00:00:00Z,2018-02-26T00:00:00Z
Linkeye,linkeye,https://www.trackico.io/ico/linkeye/,Trading,Finance,3.9,null,null,2017-11-10T12:00:00Z,2018-01-31T12:00:00Z
Devery,devery,https://www.trackico.io/ico/devery/,Trading,Trading,3.9,null,null,null,null
SETHER,sether,https://www.trackico.io/ico/sether/,Trading,Platform,4.8,null,null,2017-12-04T00:00:00Z,2018-01-14T00:00:00Z
Theta Network,theta-network,https://www.trackico.io/ico/theta-network/,Trading,Cryptocurrency,3.3,null,null,2018-01-08T00:00:00Z,2018-02-08T00:00:00Z
GIFTO,gifto,https://www.trackico.io/ico/gifto/,Trading,Games & Entertainment,4.6,null,null,2017-12-14T00:00:00Z,2018-01-13T00:00:00Z
Bezop,bezop,https://www.trackico.io/ico/bezop/,Trading,Other,3.5,null,null,2017-12-20T00:00:00Z,2018-01-10T00:00:00Z
Daneel,daneel,https://www.trackico.io/ico/daneel/,Trading,Trading,5,2017-12-04T12:00:00Z,2017-12-08T00:00:00Z,2018-01-29T12:00:00Z,2018-02-26T00:00:00Z
CoinPoker,coinpoker,https://www.trackico.io/ico/coinpoker/,Trading,Games & Entertainment,4.6,2017-11-16T00:00:00Z,2017-12-01T00:00:00Z,2018-01-19T00:00:00Z,2018-01-26T00:00:00Z
Chainium,chainium,https://www.trackico.io/ico/chainium/,Trading,Trading,4.8,2017-11-27T00:00:00Z,2017-12-18T00:00:00Z,2018-03-28T00:00:00Z,2018-04-04T10:00:00Z
Telcoin,telcoin,https://www.trackico.io/ico/telcoin/,Trading,Cryptocurrency,4.8,2017-11-11T12:00:00Z,2017-12-10T00:00:00Z,2017-12-11T00:00:00Z,2018-02-11T00:00:00Z
Experty,experty,https://www.trackico.io/ico/experty/,Trading,Connectivity,5,null,null,2018-01-25T00:00:00Z,2018-02-25T00:00:00Z
CoinStarter,coinstarter,https://www.trackico.io/ico/coinstarter/,Trading,Platform,4.4,2018-01-06T00:00:00Z,2018-01-20T00:00:00Z,2018-01-20T00:00:00Z,2018-02-17T23:00:00Z
Time New Bank,time-new-bank,https://www.trackico.io/ico/time-new-bank/,Trading,Platform,3.1,null,null,2017-11-18T12:00:00Z,2017-11-24T12:00:00Z
Adbank,adbank,https://www.trackico.io/ico/adbank/,Trading,Platform,4.4,null,null,2017-12-15T00:00:00Z,2018-01-21T00:00:00Z
Sirin Labs,sirin-labs,https://www.trackico.io/ico/sirin-labs/,Trading,Other,4.4,null,null,2017-12-12T12:00:00Z,2017-12-25T12:00:00Z
CoinFi,coinfi,https://www.trackico.io/ico/coinfi/,Trading,Platform,4.6,2018-01-15T00:00:00Z,2018-02-04T00:00:00Z,2018-02-05T00:00:00Z,2018-02-11T00:00:00Z
TokenPay,tokenpay,https://www.trackico.io/ico/tokenpay/,Trading,Cryptocurrency,4.6,null,null,2017-12-07T00:00:00Z,2018-01-17T00:00:00Z
Bloom,bloom,https://www.trackico.io/ico/bloom/,Trading,Platform,3.1,null,null,null,null
AMLT by Coinfirm,amlt-by-coinfirm,https://www.trackico.io/ico/amlt-by-coinfirm/,Trading,Cryptocurrency,4.1,null,null,2017-12-12T00:00:00Z,2018-01-30T00:00:00Z
HomeBlockCoin,homeblockcoin,https://www.trackico.io/ico/homeblockcoin/,Trading,Other,3,null,null,2017-11-04T12:00:00Z,2017-11-23T00:00:00Z
Bread,bread,https://www.trackico.io/ico/bread/,Trading,Cryptocurrency,3.9,null,null,2017-12-15T12:00:00Z,2017-12-23T16:00:00Z
WaBi,wabi,https://www.trackico.io/ico/wabi/,Trading,Trading,3.7,2017-07-28T17:00:00Z,2017-08-18T17:00:00Z,2017-11-28T00:00:00Z,2017-11-30T00:00:00Z
envion,envion,https://www.trackico.io/ico/envion/,Trading,Cryptocurrency,4.4,null,null,2017-12-01T00:00:00Z,2017-12-31T00:00:00Z
Lamden,lamden,https://www.trackico.io/ico/lamden/,Trading,Platform,5,null,null,2017-12-08T00:00:00Z,2018-01-05T23:00:00Z
United Traders,united-traders,https://www.trackico.io/ico/united-traders/,Trading,Business,4.4,2017-11-01T00:00:00Z,2017-11-30T00:00:00Z,2017-11-30T00:00:00Z,2017-12-24T00:00:00Z
trade.io,tradeio,https://www.trackico.io/ico/tradeio/,Trading,Other,4.4,2017-11-07T12:00:00Z,2017-11-25T00:00:00Z,2017-11-28T12:00:00Z,2017-12-15T00:00:00Z
FintruX,fintrux,https://www.trackico.io/ico/fintrux/,Trading,Finance,4.6,2017-12-07T19:00:00Z,2017-12-21T19:00:00Z,2018-02-07T19:00:00Z,2018-02-21T19:00:00Z
AidCoin,aidcoin,https://www.trackico.io/ico/aidcoin/,Trading,Cryptocurrency,4.6,null,null,2018-01-16T00:00:00Z,2018-02-01T00:00:00Z
FluzFluz,fluzfluz,https://www.trackico.io/ico/fluzfluz/,Trading,Platform,4.3,null,null,2018-01-18T12:00:00Z,2018-02-22T00:00:00Z
0x,0x,https://www.trackico.io/ico/0x/,Trading,Platform,4.3,null,null,2017-08-15T00:00:00Z,2017-08-16T17:00:00Z
ICOS,icos,https://www.trackico.io/ico/icos/,Trading,Cryptocurrency,3.5,null,null,2017-08-09T12:00:00Z,2017-09-15T12:00:00Z
Hedge Token,hedge-token,https://www.trackico.io/ico/hedge-token/,Trading,Cryptocurrency,3.9,null,null,2017-09-15T13:00:00Z,2017-10-15T13:00:00Z
Adelphoi,adelphoi,https://www.trackico.io/ico/adelphoi/,Trading,Platform,4.4,null,null,2017-05-01T12:00:00Z,2017-05-31T12:00:00Z
Universa,universa,https://www.trackico.io/ico/universa/,Trading,Platform,3.3,null,null,null,null
Modum,modum,https://www.trackico.io/ico/modum/,Trading,Other,3.5,null,null,2017-09-01T03:00:00Z,2017-09-22T03:00:00Z
Change,change,https://www.trackico.io/ico/change/,Trading,Finances,4.3,null,null,2017-09-16T15:00:00Z,2017-10-16T03:00:00Z
Centra Tech,centra-tech,https://www.trackico.io/ico/centra-tech/,Trading,Other,0,null,null,2017-08-04T00:00:00Z,2017-10-04T23:59:59Z
Crypviser,crypviser,https://www.trackico.io/ico/crypviser/,Trading,Software,3.5,null,null,2017-05-20T15:00:00Z,2017-07-04T13:00:00Z
Mobius Network,mobius-network,https://www.trackico.io/ico/mobius-network/,Trading,Internet,3.7,null,null,2017-11-08T12:00:00Z,2017-12-08T12:00:00Z
FuckToken,fucktoken,https://www.trackico.io/ico/fucktoken/,Trading,Cryptocurrency,2,null,null,null,null
Mysterium Network,mysterium-network,https://www.trackico.io/ico/mysterium-network/,Trading,Software,3.5,null,null,2017-05-30T15:00:00Z,2017-05-30T23:00:00Z
Enigma,enigma,https://www.trackico.io/ico/enigma/,Trading,Trading,4.1,null,null,2017-09-11T12:00:00Z,2017-09-11T13:00:00Z
Rasputin,rasputin,https://www.trackico.io/ico/rasputin/,Trading,Games & Entertainment,3.3,null,null,2017-07-20T00:00:01Z,2017-08-29T04:00:00Z
Ether,ether,https://www.trackico.io/ico/ether/,Trading,Other,0,null,null,2014-07-22T00:00:00Z,2014-09-02T00:00:00Z
Ignis,ignis,https://www.trackico.io/ico/ignis/,Trading,Other,3.5,null,null,2017-09-09T03:00:00Z,2017-10-21T03:00:00Z
Sphre AIR,sphre-air,https://www.trackico.io/ico/sphre-air/,Trading,Platform,2.8,null,null,2017-06-01T19:00:00Z,2017-06-30T19:00:00Z
LAToken,latoken,https://www.trackico.io/ico/latoken/,Trading,Trading,4.6,null,null,2017-08-22T00:00:00Z,2017-10-11T00:00:00Z
Royal Kingdom Enterprise,royal-kingdom-enterprise,https://www.trackico.io/ico/royal-kingdom-enterprise/,Trading,Cryptocurrency,4.4,null,null,2017-07-11T02:00:00Z,2017-08-10T23:59:59Z
Status Network,status-network,https://www.trackico.io/ico/status-network/,Trading,Software,3.5,null,null,2017-06-20T18:00:00Z,2017-06-21T18:00:00Z
Blackmoon Crypto,blackmoon-crypto,https://www.trackico.io/ico/blackmoon-crypto/,Trading,Cryptocurrency,4.1,null,null,2017-09-12T03:00:00Z,2017-09-20T03:00:00Z
LinkerCoin,linkercoin,https://www.trackico.io/ico/linkercoin/,Trading,Cryptocurrency,5,2017-10-21T00:00:00Z,2017-11-24T00:00:00Z,2017-10-21T12:00:00Z,2017-12-31T12:00:00Z
1World,1world,https://www.trackico.io/ico/1world/,Trading,Platform,4.3,null,null,2017-10-05T12:00:00Z,2017-11-06T12:00:00Z
QASH by Quoine,qash-by-quoine,https://www.trackico.io/ico/qash-by-quoine/,Trading,Platform,4.1,null,null,2017-11-06T08:00:00Z,2017-11-08T12:00:00Z
TIES.NETWORK,tiesnetwork,https://www.trackico.io/ico/tiesnetwork/,Trading,Business,4.3,null,null,2017-09-21T15:00:00Z,2017-10-12T15:00:00Z
INS,ins,https://www.trackico.io/ico/ins/,Trading,Platform,4.6,null,null,2017-12-04T11:00:00Z,2017-12-25T11:00:00Z
Rialto,rialto,https://www.trackico.io/ico/rialto/,Trading,Business,3.7,null,null,2017-06-26T03:00:00Z,2017-07-04T00:00:00Z
Soma,soma,https://www.trackico.io/ico/soma/,Trading,Trading,4.1,null,null,2017-09-27T12:00:00Z,2017-11-14T12:00:00Z
Cloud With Token,cloud-with-token,https://www.trackico.io/ico/cloud-with-token/,Trading,Other,3.5,null,null,2017-08-25T12:00:00Z,2017-09-24T12:00:00Z
BANCOR Network,bancor-network,https://www.trackico.io/ico/bancor-network/,Trading,Platform,4.6,null,null,2017-06-12T17:00:00Z,2017-06-12T22:00:00Z
Worldwide Asset eXchange,worldwide-asset-exchange,https://www.trackico.io/ico/worldwide-asset-exchange/,Trading,Platform,4.4,null,null,2017-11-15T12:00:00Z,2017-12-15T12:00:00Z
EventChain,eventchain,https://www.trackico.io/ico/eventchain/,Trading,Other,4.1,null,null,2017-09-13T19:00:00Z,2017-10-14T19:00:00Z
Hubii Network,hubii-network,https://www.trackico.io/ico/hubii-network/,Trading,Social Media,3.7,null,null,2017-08-24T12:00:00Z,2017-09-07T14:00:00Z
Speed Mining Service,speed-mining-service,https://www.trackico.io/ico/speed-mining-service/,Trading,Platform,3,null,null,2017-10-27T05:00:00Z,2018-01-31T14:59:00Z
SONM Network,sonm-network,https://www.trackico.io/ico/sonm-network/,Trading,Software,3.7,null,null,2017-06-25T12:00:00Z,2017-07-25T12:00:00Z
B2BX,b2bx,https://www.trackico.io/ico/b2bx/,Trading,Platform,3.7,null,null,2017-09-13T12:00:00Z,2017-09-29T12:00:00Z
Auctus,auctus,https://www.trackico.io/ico/auctus/,Trading,Finance,5,2017-10-03T00:00:00Z,2017-10-06T00:00:00Z,2018-04-10T14:00:00Z,2018-04-17T08:00:00Z
ChronoLogic,chronologic,https://www.trackico.io/ico/chronologic/,Trading,Cryptocurrency,3.5,null,null,2017-08-28T03:00:00Z,2017-08-29T03:00:00Z
Karma,karma,https://www.trackico.io/ico/karma/,Trading,Trading,3.7,null,null,2017-10-21T12:00:00Z,2017-11-21T12:00:00Z
ParagonCoin,paragoncoin,https://www.trackico.io/ico/paragoncoin/,Trading,Platform,4.6,null,null,2017-09-15T00:00:00Z,2017-10-15T00:00:00Z
iXledger,ixledger,https://www.trackico.io/ico/ixledger/,Trading,Other,3.3,null,null,2017-07-11T00:00:00Z,2017-07-13T00:00:00Z
GUTS Tickets,guts-tickets,https://www.trackico.io/ico/guts-tickets/,Trading,Platform,3.7,null,null,2017-11-15T12:00:00Z,2017-12-13T12:00:00Z
Nexus Social Network,nexus-social-network,https://www.trackico.io/ico/nexus-social-network/,Trading,Social Media,4.1,2017-07-28T12:00:00Z,2017-08-07T00:00:00Z,2017-08-17T01:00:00Z,2017-09-15T01:00:00Z
Playkey,playkey,https://www.trackico.io/ico/playkey/,Trading,Games & Entertainment,3.7,null,null,2017-11-01T08:00:00Z,2017-12-01T08:00:00Z
Monster Byte Inc,monster-byte-inc,https://www.trackico.io/ico/monster-byte-inc/,Trading,Games & Entertainment,3.1,null,null,2017-07-08T19:00:00Z,2017-08-06T19:00:00Z
Loci Coin,loci-coin,https://www.trackico.io/ico/loci-coin/,Trading,Platform,4.8,null,null,2017-12-06T00:00:00Z,2017-12-31T23:00:00Z
OmiseGO,omisego,https://www.trackico.io/ico/omisego/,Trading,Finances,4.4,null,null,2017-06-23T12:00:00Z,2017-06-23T13:00:00Z
NAGA,naga,https://www.trackico.io/ico/naga/,Trading,Business,5,null,null,2017-12-01T00:00:00Z,2017-12-15T23:59:59Z
Napoleon X,napoleon-x,https://www.trackico.io/ico/napoleon-x/,Trading,Platform,4.8,null,null,2018-01-22T00:00:00Z,2018-02-28T00:00:00Z
Nimiq Network,nimiq-network,https://www.trackico.io/ico/nimiq-network/,Trading,Cryptocurrency,3.9,null,null,2017-06-28T00:00:00Z,2017-07-08T00:00:00Z
IUNGO Network,iungo-network,https://www.trackico.io/ico/iungo-network/,Trading,Internet,4.6,2017-10-29T12:00:00Z,2017-11-19T00:00:00Z,2017-12-07T12:00:00Z,2018-01-31T00:00:00Z
Minexcoin,minexcoin,https://www.trackico.io/ico/minexcoin/,Trading,Cryptocurrency,3.7,null,null,2017-05-15T00:00:00Z,2017-06-13T00:00:00Z
Bluzelle,bluzelle,https://www.trackico.io/ico/bluzelle/,Trading,Platform,3.7,null,null,null,null
etherecash,etherecash,https://www.trackico.io/ico/etherecash/,Trading,Finances,4.1,null,null,2017-11-15T00:00:00Z,2017-12-19T00:00:00Z
The Bee Token,the-bee-token,https://www.trackico.io/ico/the-bee-token/,Trading,Real Estate,4.6,2018-01-02T00:00:00Z,2018-01-19T00:00:00Z,2018-01-31T12:00:00Z,2018-02-19T12:00:00Z
SelfKey,selfkey,https://www.trackico.io/ico/selfkey/,Trading,Business,4.8,2017-12-15T12:00:00Z,2017-12-20T12:00:00Z,2018-01-14T00:00:00Z,2018-01-31T00:00:00Z
Beluga Pay,beluga-pay,https://www.trackico.io/ico/beluga-pay/,Trading,Platform,4.1,2017-12-01T00:00:00Z,2018-02-28T00:00:00Z,2017-12-01T00:00:00Z,2018-02-28T00:00:00Z
tokens.net,tokensnet,https://www.trackico.io/ico/tokensnet/,Trading,Platform,3.5,null,null,2017-11-06T14:00:00Z,2017-12-06T14:00:00Z
DADI,dadi,https://www.trackico.io/ico/dadi/,Trading,Platform,5,2018-01-22T00:00:00Z,2018-01-28T00:00:00Z,2018-01-29T00:00:00Z,2018-03-01T00:00:00Z
Tigereum,tigereum,https://www.trackico.io/ico/tigereum/,Trading,Software,3.7,null,null,2017-12-08T00:00:00Z,2017-12-18T00:00:00Z
Insights Network,insights-network,https://www.trackico.io/ico/insights-network/,Trading,Cryptocurrency,3,null,null,2018-01-28T00:00:00Z,2018-02-14T23:00:00Z
Kubera,kubera,https://www.trackico.io/ico/kubera/,Trading,Games & Entertainment,1.9,null,null,null,null
Coinlancer,coinlancer,https://www.trackico.io/ico/coinlancer/,Trading,Platform,4.8,2017-10-04T00:00:00Z,2017-10-13T00:00:00Z,2017-10-14T00:00:00Z,2017-12-15T00:00:00Z
Titanium Blockchain Infrastructure Services,titanium-blockchain-infrastructure-services,https://www.trackico.io/ico/titanium-blockchain-infrastructure-services/,Trading,Business,5,2017-11-01T00:00:00Z,2017-12-01T00:00:00Z,2018-01-01T00:00:00Z,2018-03-01T00:00:00Z
SpankChain,spankchain,https://www.trackico.io/ico/spankchain/,Trading,Other,3.9,null,null,2017-10-31T12:00:00Z,2017-11-13T00:00:00Z
CopiCo,copico,https://www.trackico.io/ico/copico/,Trading,Cryptocurrency,1.7,null,null,null,null
Billionaire Token,billionaire-token,https://www.trackico.io/ico/billionaire-token/,Trading,Games & Entertainment,2,null,null,null,null
The Gimli Project,the-gimli-project,https://www.trackico.io/ico/the-gimli-project/,Trading,Games & Entertainment,3.7,null,null,2017-09-18T03:00:00Z,2017-10-02T03:00:00Z
Numerai,numerai,https://www.trackico.io/ico/numerai/,Trading,Other,2.4,null,null,null,null
Nexium,nexium,https://www.trackico.io/ico/nexium/,Trading,Software,2,null,null,null,null
Verify,verify,https://www.trackico.io/ico/verify/,Trading,Platform,4.3,null,null,null,null
WePower,wepower,https://www.trackico.io/ico/wepower/,Trading,Platform,5,null,null,2018-02-01T00:00:00Z,2018-02-02T00:00:00Z
Basic Attention,basic-attention,https://www.trackico.io/ico/basic-attention/,Trading,Cryptocurrency,3.5,null,null,2017-05-31T00:00:00Z,2017-05-31T23:00:00Z
Obsidian Platform,obsidian-platform,https://www.trackico.io/ico/obsidian-platform/,Trading,Platform,3.9,null,null,2017-08-12T12:00:00Z,2017-08-19T12:00:00Z
Measurable Data Token,measurable-data-token,https://www.trackico.io/ico/measurable-data-token/,Trading,Other,4.3,null,null,2017-11-15T12:00:00Z,2017-12-15T12:00:00Z
Earth Token,earth-token,https://www.trackico.io/ico/earth-token/,Trading,Platform,4.1,null,null,2017-11-17T12:00:00Z,2017-12-08T12:00:00Z
Useless Ethereum Token,useless-ethereum-token,https://www.trackico.io/ico/useless-ethereum-token/,Trading,Cryptocurrency,0,null,null,null,null
STK,stk,https://www.trackico.io/ico/stk/,Trading,Cryptocurrency,4.8,2017-10-11T00:00:00Z,2017-10-24T00:00:00Z,null,null
300 Token,300-token,https://www.trackico.io/ico/300-token/,Trading,Cryptocurrency,1.7,null,null,null,null
Smart Investment Fund,smart-investment-fund,https://www.trackico.io/ico/smart-investment-fund/,Trading,Trading,2.8,null,null,2017-08-01T14:00:00Z,2017-09-15T14:00:00Z
Crystal Clear,crystal-clear,https://www.trackico.io/ico/crystal-clear/,Trading,Transport,3.5,null,null,2017-09-08T15:00:00Z,2017-10-08T15:00:00Z
Game.com,gamecom,https://www.trackico.io/ico/gamecom/,Trading,Games & Entertainment,3.1,null,null,2017-10-10T12:00:00Z,2017-11-30T12:00:00Z
BABB,babb,https://www.trackico.io/ico/babb/,Trading,Finance,4.6,2018-01-15T00:00:00Z,2018-02-15T00:00:00Z,2018-02-06T00:00:00Z,2018-03-06T00:00:00Z
bounty0x,bounty0x,https://www.trackico.io/ico/bounty0x/,Trading,Platform,2.4,null,null,null,null
SophiaTX,sophiatx,https://www.trackico.io/ico/sophiatx/,Trading,Platform,4.6,null,null,2017-12-07T14:00:00Z,2017-12-17T14:00:00Z
Neufund,neufund,https://www.trackico.io/ico/neufund/,Trading,Platform,4.4,null,null,2017-11-17T11:00:00Z,2017-12-17T11:00:00Z
Aurora IDEX,aurora-idex,https://www.trackico.io/ico/aurora-idex/,Trading,Other,3.1,null,null,2017-12-04T16:00:00Z,2018-01-04T16:00:00Z
SALT,salt,https://www.trackico.io/ico/salt/,Trading,Other,4.4,null,null,2017-08-15T08:00:00Z,2017-09-01T12:00:00Z
Wanchain,wanchain,https://www.trackico.io/ico/wanchain/,Trading,Other,2.8,null,null,2017-09-06T15:00:00Z,2017-09-27T15:00:00Z
TrueFlip,trueflip,https://www.trackico.io/ico/trueflip/,Trading,Other,4.1,null,null,2017-06-28T12:00:00Z,2017-07-28T12:00:00Z
XPlay,xplay,https://www.trackico.io/ico/xplay/,Trading,Other,1.5,null,null,2017-08-07T20:00:00Z,2017-08-31T12:00:00Z
MediBloc,medibloc,https://www.trackico.io/ico/medibloc/,Trading,Platform,4.4,null,null,2017-11-20T13:00:00Z,2017-12-15T23:00:00Z
Escroco,escroco,https://www.trackico.io/ico/escroco/,Trading,Cryptocurrency,3,2017-11-01T00:00:00Z,2017-11-04T00:00:00Z,2017-10-20T00:00:00Z,2017-11-30T00:00:00Z
Bytecoin,bytecoin,https://www.trackico.io/ico/bytecoin/,Trading,Other,2.2,null,null,2012-07-04T17:00:00Z,2012-07-04T17:00:05Z
Grid+,grid,https://www.trackico.io/ico/grid/,Trading,Other,3.9,null,null,2017-10-30T12:00:00Z,2017-11-13T12:00:00Z
Aeon,aeon,https://www.trackico.io/ico/aeon/,Trading,Other,1.1,null,null,2014-06-06T17:25:26Z,2014-06-06T17:25:28Z
Aion,aion,https://www.trackico.io/ico/aion/,Trading,Other,3,null,null,null,null
Ethereum Classic,ethereum-classic,https://www.trackico.io/ico/ethereum-classic/,Trading,Other,0,null,null,2015-07-30T12:00:00Z,2015-07-30T12:00:01Z
SmartMesh,smartmesh,https://www.trackico.io/ico/smartmesh/,Trading,Platform,3.5,2017-11-01T00:00:00Z,2017-11-29T00:00:00Z,2017-11-01T00:00:00Z,2017-11-29T00:00:00Z
Dether,dether,https://www.trackico.io/ico/dether/,Trading,Platform,4.6,null,null,2018-02-07T13:00:00Z,2018-02-14T13:00:00Z
UpToken,uptoken,https://www.trackico.io/ico/uptoken/,Trading,Finances,3.7,null,null,null,null
Pundi X,pundi-x,https://www.trackico.io/ico/pundi-x/,Trading,Platform,4.1,null,null,2018-01-21T08:00:00Z,2018-01-21T10:00:00Z
Pareto,pareto,https://www.trackico.io/ico/pareto/,Trading,Business,3.9,null,null,null,null
IQuant Chain,iquant-chain,https://www.trackico.io/ico/iquant-chain/,Trading,Business,3,null,null,null,null
Nucleus,nucleus,https://www.trackico.io/ico/nucleus/,Trading,Platform,3.7,null,null,null,null
Bitair,bitair,https://www.trackico.io/ico/bitair/,Trading,Transport,2.8,null,null,2017-09-19T00:00:00Z,2017-11-16T00:00:00Z
LiveEdu,liveedu,https://www.trackico.io/ico/liveedu/,Trading,Study,4.4,2017-12-01T00:00:00Z,2017-12-31T00:00:00Z,2018-01-15T00:00:00Z,2018-02-10T00:00:00Z
Covesting,covesting,https://www.trackico.io/ico/covesting/,Trading,Platform,4.3,null,null,2017-11-24T13:00:00Z,2018-01-15T13:00:00Z
MCAP,mcap,https://www.trackico.io/ico/mcap/,Trading,Cryptocurrency,1.9,null,null,null,null
Binance,binance,https://www.trackico.io/ico/binance/,Trading,Trading,3.5,null,null,2017-07-01T07:00:00Z,2017-07-21T07:00:00Z
Project Decorum,project-decorum,https://www.trackico.io/ico/project-decorum/,Trading,Platform,1.5,null,null,null,null
Veritaseum,veritaseum,https://www.trackico.io/ico/veritaseum/,Trading,Cryptocurrency,1.5,null,null,null,null
Newbium,newbium,https://www.trackico.io/ico/newbium/,Trading,Platform,1.7,null,null,null,null
APX,apx,https://www.trackico.io/ico/apx/,Trading,Cryptocurrency,1.1,null,null,null,null
Augmentors,augmentors,https://www.trackico.io/ico/augmentors/,Trading,Software,2,null,null,null,null
BitCrystals,bitcrystals,https://www.trackico.io/ico/bitcrystals/,Trading,Cryptocurrency,1.7,null,null,null,null
Tokes,tokes,https://www.trackico.io/ico/tokes/,Trading,Cryptocurrency,3,null,null,2016-12-02T00:00:00Z,2017-01-15T00:00:00Z
Bankcoin,bankcoin,https://www.trackico.io/ico/bankcoin/,Trading,Finances,2.4,null,null,null,null
YOYOW,yoyow,https://www.trackico.io/ico/yoyow/,Trading,Platform,0.7,null,null,null,null
Quantstamp,quantstamp,https://www.trackico.io/ico/quantstamp/,Trading,Business,4.1,null,null,2017-11-15T15:00:00Z,2017-11-22T15:00:00Z
Ethereum Movie Venture,ethereum-movie-venture,https://www.trackico.io/ico/ethereum-movie-venture/,Trading,Games & Entertainment,1.5,null,null,null,null
FAPcoin,fapcoin,https://www.trackico.io/ico/fapcoin/,Trading,Games & Entertainment,0.7,null,null,null,null
Request Network,request-network,https://www.trackico.io/ico/request-network/,Trading,Business,4.3,null,null,2017-10-13T12:00:00Z,2017-10-17T12:00:00Z
Plutus,plutus,https://www.trackico.io/ico/plutus/,Trading,Software,2.2,null,null,null,null
QUANTUM,quantum,https://www.trackico.io/ico/quantum/,Trading,Cryptocurrency,2.4,null,null,null,null
BitRent,bitrent,https://www.trackico.io/ico/bitrent/,Trading,Platform,4.1,null,null,2017-12-01T00:00:00Z,2018-03-31T00:00:00Z
Bitpark Coin,bitpark-coin,https://www.trackico.io/ico/bitpark-coin/,Trading,Business,1.7,null,null,null,null
AppCoins,appcoins,https://www.trackico.io/ico/appcoins/,Trading,Software,5,2017-11-06T00:00:00Z,2017-11-20T00:00:00Z,2017-12-13T00:00:00Z,2018-01-15T00:00:00Z
MyWish,mywish,https://www.trackico.io/ico/mywish/,Trading,Other,4.1,null,null,null,null
Cashaa,cashaa,https://www.trackico.io/ico/cashaa/,Trading,Finance,3.7,2017-10-20T00:00:00Z,2017-10-30T00:00:00Z,2017-10-20T00:00:00Z,2017-10-30T00:00:00Z
Moeda,moeda,https://www.trackico.io/ico/moeda/,Trading,Business,2.2,null,null,null,null
Hackspace,hackspace,https://www.trackico.io/ico/hackspace/,Trading,Trading,3.1,null,null,2017-09-19T00:00:00Z,2018-09-20T00:00:00Z
Revain,revain,https://www.trackico.io/ico/revain/,Trading,Platform,3.1,null,null,null,null
Autonio,autonio,https://www.trackico.io/ico/autonio/,Trading,Business,2.8,null,null,null,null
RefToken,reftoken,https://www.trackico.io/ico/reftoken/,Trading,Business,3.7,null,null,null,null
Tokenbox,tokenbox,https://www.trackico.io/ico/tokenbox/,Trading,Platform,4.1,null,null,2017-11-14T12:00:00Z,2017-11-28T12:00:00Z
Etheriya,etheriya,https://www.trackico.io/ico/etheriya/,Trading,Platform,1.9,null,null,null,null
FunFair,funfair,https://www.trackico.io/ico/funfair/,Trading,Games & Entertainment,3,null,null,null,null
Medicalchain,medicalchain,https://www.trackico.io/ico/medicalchain/,Trading,Health & Medicine,4.1,null,null,2018-02-01T00:00:00Z,2018-02-01T00:00:00Z
MARK.SPACE,markspace,https://www.trackico.io/ico/markspace/,Trading,Platform,4.8,2017-11-01T00:00:00Z,2017-12-28T00:00:00Z,2018-01-23T12:00:00Z,2018-02-28T12:00:00Z
Vezt,vezt,https://www.trackico.io/ico/vezt/,Trading,Games & Entertainment,3.7,null,null,2017-11-03T04:00:00Z,2017-12-01T04:00:00Z
Bytom,bytom,https://www.trackico.io/ico/bytom/,Trading,Software,2.8,null,null,null,null
CryptoPing,cryptoping,https://www.trackico.io/ico/cryptoping/,Trading,Software,2,null,null,2017-05-25T03:20:02Z,2017-06-25T03:20:02Z
Gladius,gladius,https://www.trackico.io/ico/gladius/,Trading,Business,4.6,null,null,2017-11-24T00:00:00Z,2017-12-31T00:00:00Z
FidentiaX,fidentiax,https://www.trackico.io/ico/fidentiax/,Trading,Platform,4.6,null,null,2017-11-06T00:00:00Z,2017-12-05T00:00:00Z
Etheroll,etheroll,https://www.trackico.io/ico/etheroll/,Trading,Games & Entertainment,2,null,null,2017-02-13T12:00:00Z,2017-02-27T12:00:00Z
LaLa World,lala-world,https://www.trackico.io/ico/lala-world/,Trading,Software,4.4,null,null,2018-01-05T12:00:00Z,2018-02-05T12:00:00Z
WiC,wic,https://www.trackico.io/ico/wic/,Trading,Internet,2.2,null,null,null,null
Eagle Project,eagle-project,https://www.trackico.io/ico/eagle-project/,Trading,Platform,3,null,null,null,null
Peculium,peculium,https://www.trackico.io/ico/peculium/,Trading,Software,4.8,null,null,2017-12-17T00:00:00Z,2018-01-24T00:00:00Z
BitBoost,bitboost,https://www.trackico.io/ico/bitboost/,Trading,Trading,3.3,null,null,null,null
Astronaut,astronaut,https://www.trackico.io/ico/astronaut/,Trading,Trading,2.8,null,null,null,null
CryptoForecast,cryptoforecast,https://www.trackico.io/ico/cryptoforecast/,Trading,Software,1.9,null,null,null,null
iDice,idice,https://www.trackico.io/ico/idice/,Trading,Games & Entertainment,1.3,null,null,2017-06-12T00:00:00Z,2017-06-26T00:00:00Z
ZILLA,zilla,https://www.trackico.io/ico/zilla/,Trading,Platform,4.3,null,null,2017-11-30T12:00:00Z,2017-12-30T12:00:00Z
BitBase,bitbase,https://www.trackico.io/ico/bitbase/,Trading,Cryptocurrency,2.8,null,null,null,null
U.CASH,ucash,https://www.trackico.io/ico/ucash/,Trading,Finances,2.2,null,null,null,null
adToken,adtoken,https://www.trackico.io/ico/adtoken/,Trading,Platform,2.2,null,null,null,null
ZenGold,zengold,https://www.trackico.io/ico/zengold/,Trading,Platform,1.3,null,null,null,null
OriginTrail,origintrail,https://www.trackico.io/ico/origintrail/,Trading,Platform,5,2018-01-15T00:00:00Z,2018-01-28T00:00:00Z,null,null
Darcrus,darcrus,https://www.trackico.io/ico/darcrus/,Trading,Platform,2.8,null,null,null,null
HOQU,hoqu,https://www.trackico.io/ico/hoqu/,Trading,Platform,5,2017-11-13T00:00:00Z,2017-11-20T00:00:00Z,2017-11-27T00:00:00Z,2018-02-26T00:00:00Z
indaHash,indahash,https://www.trackico.io/ico/indahash/,Trading,Platform,4.6,null,null,2017-11-29T15:00:00Z,2017-12-20T15:00:00Z
BlockMason,blockmason,https://www.trackico.io/ico/blockmason/,Trading,Finances,3.7,null,null,null,null
WorldCore,worldcore,https://www.trackico.io/ico/worldcore/,Trading,Platform,3.9,null,null,2017-10-14T12:00:00Z,2017-12-15T12:00:00Z
ccore,ccore,https://www.trackico.io/ico/ccore/,Trading,Business,3.5,null,null,null,null
RUSTBITS,rustbits,https://www.trackico.io/ico/rustbits/,Trading,Games & Entertainment,3.1,null,null,2017-06-27T12:00:00Z,2017-07-31T12:00:00Z
Arcade City,arcade-city,https://www.trackico.io/ico/arcade-city/,Trading,Platform,2.4,null,null,null,null
Loopring,loopring,https://www.trackico.io/ico/loopring/,Trading,Platform,2.4,null,null,null,null
Cybermiles,cybermiles,https://www.trackico.io/ico/cybermiles/,Trading,Platform,3.5,null,null,2017-11-21T16:00:00Z,2017-12-05T16:00:00Z
Bibox,bibox,https://www.trackico.io/ico/bibox/,Trading,Platform,3.5,null,null,2017-10-01T22:00:00Z,2017-10-31T22:00:00Z
Genaro,genaro,https://www.trackico.io/ico/genaro/,Trading,Cryptocurrency,3.7,null,null,2017-11-17T00:00:00Z,2017-12-08T18:16:05Z
BitDegree,bitdegree,https://www.trackico.io/ico/bitdegree/,Trading,Study,4.8,null,null,2017-12-01T00:00:00Z,2017-12-31T00:00:00Z
SwissBorg,swissborg,https://www.trackico.io/ico/swissborg/,Trading,Cryptocurrency,4.8,null,null,2017-12-07T00:00:00Z,2018-01-10T00:00:00Z
Smartlands,smartlands,https://www.trackico.io/ico/smartlands/,Trading,Trading,3.3,null,null,null,null
SISA,sisa,https://www.trackico.io/ico/sisa/,Trading,Business,3.5,null,null,2017-11-20T00:00:00Z,2017-12-20T00:00:00Z
Dragonchain,dragonchain,https://www.trackico.io/ico/dragonchain/,Trading,Platform,4.4,null,null,2017-10-02T12:00:00Z,2017-11-01T12:00:00Z
RegalCoin,regalcoin,https://www.trackico.io/ico/regalcoin/,Trading,Cryptocurrency,2,null,null,null,null
ZrCoin,zrcoin,https://www.trackico.io/ico/zrcoin/,Trading,Cryptocurrency,3,null,null,2017-05-11T12:00:00Z,2017-06-09T12:00:00Z
Wagerr,wagerr,https://www.trackico.io/ico/wagerr/,Trading,Platform,3.1,null,null,2017-06-01T12:00:00Z,2017-06-25T12:00:00Z
BioCoin,biocoin,https://www.trackico.io/ico/biocoin/,Trading,Other,3.1,null,null,2017-11-01T00:00:00Z,2018-02-18T00:00:00Z
Ripio Credit Network,ripio-credit-network,https://www.trackico.io/ico/ripio-credit-network/,Trading,Finances,4.1,null,null,2017-10-17T12:00:00Z,2017-11-05T12:00:00Z
Incent,incent,https://www.trackico.io/ico/incent/,Trading,Cryptocurrency,3.1,null,null,2016-10-01T04:00:00Z,2017-01-04T15:00:00Z
Maecenas,maecenas,https://www.trackico.io/ico/maecenas/,Trading,Platform,3.9,null,null,2017-09-05T00:00:00Z,2017-10-07T23:59:59Z
Wings,wings,https://www.trackico.io/ico/wings/,Trading,Platform,3.1,null,null,null,null
EcoBit,ecobit,https://www.trackico.io/ico/ecobit/,Trading,Other,3.5,null,null,2017-04-09T15:00:00Z,2017-06-15T15:00:00Z
MobileGo,mobilego,https://www.trackico.io/ico/mobilego/,Trading,Other,3.5,null,null,2017-04-25T16:00:00Z,2017-05-24T16:00:00Z
BlockCAT,blockcat,https://www.trackico.io/ico/blockcat/,Trading,Platform,4.3,null,null,2017-07-15T23:00:00Z,2017-08-15T03:00:00Z
BitClave,bitclave,https://www.trackico.io/ico/bitclave/,Trading,Internet,5,null,null,2017-11-29T12:00:00Z,2017-11-29T00:00:00Z
Streamr,streamr,https://www.trackico.io/ico/streamr/,Trading,Cryptocurrency,3.3,null,null,null,null
Agrello,agrello,https://www.trackico.io/ico/agrello/,Trading,Platform,4.1,null,null,2017-07-16T16:00:00Z,2017-08-17T14:59:59Z
Blockchain Capital Fund,blockchain-capital-fund,https://www.trackico.io/ico/blockchain-capital-fund/,Trading,Business,3.1,null,null,2017-04-10T00:00:00Z,2017-04-10T23:59:59Z
AirSwap,airswap,https://www.trackico.io/ico/airswap/,Trading,Other,3.3,null,null,2017-10-01T12:00:00Z,2017-10-12T12:00:00Z
Sharpe Capital,sharpe-capital,https://www.trackico.io/ico/sharpe-capital/,Trading,Software,4.4,null,null,2017-11-13T14:00:00Z,2018-02-04T03:00:00Z
COMSA,comsa,https://www.trackico.io/ico/comsa/,Trading,Platform,3.3,null,null,2017-10-02T05:00:00Z,2017-11-06T05:00:00Z
Datum,datum,https://www.trackico.io/ico/datum/,Trading,Platform,4.1,null,null,2017-10-29T13:00:00Z,2017-11-29T13:00:00Z
Farad,farad,https://www.trackico.io/ico/farad/,Trading,Ecology,3.7,null,null,2017-10-01T00:00:00Z,2017-10-31T23:00:00Z
Tao Network,tao-network,https://www.trackico.io/ico/tao-network/,Trading,Other,1.5,null,null,null,null
Upfiring,upfiring,https://www.trackico.io/ico/upfiring/,Trading,Other,1.5,null,null,null,null
Substratum,substratum,https://www.trackico.io/ico/substratum/,Trading,Cryptocurrency,3.3,null,null,null,null
Storiqa,storiqa,https://www.trackico.io/ico/storiqa/,Trading,Platform,4.3,null,null,2017-12-05T00:00:00Z,2018-02-13T23:00:00Z
SandCoin,sandcoin,https://www.trackico.io/ico/sandcoin/,Trading,Transport,3.7,null,null,2017-09-18T03:00:00Z,2017-10-18T03:00:00Z
QTUM,qtum,https://www.trackico.io/ico/qtum/,Trading,Cryptocurrency,4.1,null,null,2017-03-16T12:00:00Z,2017-03-21T12:00:00Z
ClearPoll,clearpoll,https://www.trackico.io/ico/clearpoll/,Trading,Platform,3.3,null,null,null,null
Natcoin,natcoin,https://www.trackico.io/ico/natcoin/,Trading,Other,3.7,null,null,2017-08-20T00:00:00Z,2017-09-20T12:00:00Z
Mothership,mothership,https://www.trackico.io/ico/mothership/,Trading,Software,3.1,null,null,2017-07-05T15:00:00Z,2017-07-26T15:00:00Z
Ethereum.link,ethereumlink,https://www.trackico.io/ico/ethereumlink/,Trading,Platform,2.4,null,null,null,null
Jibrel Network,jibrel-network,https://www.trackico.io/ico/jibrel-network/,Trading,Finance,4.6,null,null,2017-11-27T00:00:00Z,2017-12-27T00:00:00Z
Jesus Coin,jesus-coin,https://www.trackico.io/ico/jesus-coin/,Trading,Other,1.5,null,null,null,null
peerguess,peerguess,https://www.trackico.io/ico/peerguess/,Trading,Platform,3.1,null,null,null,null
Global Jobcoin,global-jobcoin,https://www.trackico.io/ico/global-jobcoin/,Trading,Platform,4.1,null,null,null,null
FaceCoin,facecoin,https://www.trackico.io/ico/facecoin/,Trading,Other,2,null,null,2017-08-15T12:00:00Z,2017-09-15T12:00:00Z
Crypterium,crypterium,https://www.trackico.io/ico/crypterium/,Trading,Finances,3.7,null,null,2017-10-31T14:00:00Z,2018-01-13T03:59:59Z
Alis,alis,https://www.trackico.io/ico/alis/,Trading,Internet,4.1,null,null,2017-09-01T02:00:00Z,2017-09-29T12:00:00Z
Wandx,wandx,https://www.trackico.io/ico/wandx/,Trading,Other,3.9,null,null,2017-10-22T12:00:00Z,2017-11-22T12:00:00Z
Flixxo,flixxo,https://www.trackico.io/ico/flixxo/,Trading,Platform,4.1,null,null,2017-10-24T14:00:00Z,2017-11-23T14:00:00Z
Gatcoin,gatcoin,https://www.trackico.io/ico/gatcoin/,Trading,Platform,4.8,2017-12-17T00:00:00Z,2018-01-07T00:00:00Z,2018-01-14T00:00:00Z,2018-01-28T00:00:00Z
Nitro,nitro,https://www.trackico.io/ico/nitro/,Trading,Platform,3.7,2017-11-19T18:00:00Z,2017-11-23T18:00:00Z,2017-12-01T18:00:00Z,2017-12-26T18:00:00Z
The Divi Project,the-divi-project,https://www.trackico.io/ico/the-divi-project/,Trading,Cryptocurrency,4.1,null,null,2017-10-27T00:00:00Z,2017-11-26T00:00:00Z
UQUID Eco System,uquid-eco-system,https://www.trackico.io/ico/uquid-eco-system/,Trading,Platform,2.4,null,null,null,null
Blocktix,blocktix,https://www.trackico.io/ico/blocktix/,Trading,Games & Entertainment,4.4,null,null,2017-07-07T23:00:00Z,2017-07-25T10:52:15Z
Refereum,refereum,https://www.trackico.io/ico/refereum/,Trading,Platform,4.6,null,null,2017-11-13T00:00:00Z,2017-12-13T00:00:00Z
REMME,remme,https://www.trackico.io/ico/remme/,Trading,Platform,4.6,2017-12-04T15:00:00Z,2017-12-25T15:00:00Z,2018-02-13T20:00:00Z,2018-02-14T20:00:00Z
Decentraland,decentraland,https://www.trackico.io/ico/decentraland/,Trading,Games & Entertainment,4.4,null,null,2017-08-17T04:00:00Z,2017-08-26T18:00:00Z
Leverj,leverj,https://www.trackico.io/ico/leverj/,Trading,Platform,4.3,null,null,2017-11-07T00:00:00Z,2017-12-05T00:00:00Z
BANKEX,bankex,https://www.trackico.io/ico/bankex/,Trading,Finances,4.6,null,null,2017-11-28T03:00:00Z,2017-12-28T15:00:00Z
CryptoPay,cryptopay,https://www.trackico.io/ico/cryptopay/,Trading,Cryptocurrency,3.9,null,null,2017-10-02T12:00:00Z,2017-10-30T12:00:00Z
Lockchain,lockchain,https://www.trackico.io/ico/lockchain/,Trading,Other,3.9,null,null,2017-10-29T12:00:00Z,2017-12-15T23:00:00Z
MicroMoney,micromoney,https://www.trackico.io/ico/micromoney/,Trading,Finances,4.6,null,null,2017-10-14T15:00:00Z,2017-11-16T15:00:00Z
AbjCoin,abjcoin,https://www.trackico.io/ico/abjcoin/,Trading,Cryptocurrency,4.1,null,null,2017-10-01T12:00:00Z,2017-10-31T12:00:00Z
Eidoo,eidoo,https://www.trackico.io/ico/eidoo/,Trading,Software,3.5,null,null,2017-10-04T12:00:00Z,2017-10-16T22:00:00Z
Zcash,zcash,https://www.trackico.io/ico/zcash/,Trading,Other,3,null,null,2016-10-28T00:00:00Z,2016-10-28T00:00:01Z
Exchange Union,exchange-union,https://www.trackico.io/ico/exchange-union/,Trading,Cryptocurrency,3.1,null,null,2017-08-07T12:00:00Z,2017-08-08T12:00:00Z
Ripple,ripple,https://www.trackico.io/ico/ripple/,Trading,Other,3.1,null,null,null,null
LeviarCoin,leviarcoin,https://www.trackico.io/ico/leviarcoin/,Trading,Other,2.8,null,null,2017-04-07T15:00:00Z,2017-06-09T15:00:00Z
Xaurum Gamma,xaurum-gamma,https://www.trackico.io/ico/xaurum-gamma/,Trading,Real Estate,2.8,null,null,null,null
NEM,nem,https://www.trackico.io/ico/nem/,Trading,Other,2.2,null,null,null,null
Counterparty,counterparty,https://www.trackico.io/ico/counterparty/,Trading,Other,2.6,null,null,null,null
Giga Watt,giga-watt,https://www.trackico.io/ico/giga-watt/,Trading,Cryptocurrency,3.5,null,null,2017-06-02T22:00:00Z,2017-07-31T23:00:00Z
Wild Crypto,wild-crypto,https://www.trackico.io/ico/wild-crypto/,Trading,Other,3.5,null,null,2017-09-05T08:00:00Z,2017-09-12T08:00:00Z
Waves,waves,https://www.trackico.io/ico/waves/,Trading,Other,3.1,null,null,null,null
VOISE,voise,https://www.trackico.io/ico/voise/,Trading,Platform,3,null,null,2017-05-06T12:00:00Z,2017-06-06T12:00:00Z
BLOCKv,blockv,https://www.trackico.io/ico/blockv/,Trading,Software,4.4,null,null,2017-10-19T18:00:00Z,2017-10-25T07:00:00Z
UTRUST,utrust,https://www.trackico.io/ico/utrust/,Trading,Platform,4.3,null,null,2017-11-02T17:00:00Z,2017-11-20T17:00:00Z
Tether,tether,https://www.trackico.io/ico/tether/,Trading,Other,2.2,null,null,null,null
Ubiq,ubiq,https://www.trackico.io/ico/ubiq/,Trading,Other,1.9,null,null,null,null
WeTrust,wetrust,https://www.trackico.io/ico/wetrust/,Trading,Platform,4.1,null,null,null,null
Tierion,tierion,https://www.trackico.io/ico/tierion/,Trading,Platform,4.1,null,null,2017-07-27T17:00:00Z,2017-07-27T21:00:00Z
TokenCard,tokencard,https://www.trackico.io/ico/tokencard/,Trading,Finances,2.8,null,null,null,null
Target Coin,target-coin,https://www.trackico.io/ico/target-coin/,Trading,Cryptocurrency,3.3,null,null,2017-07-15T00:00:00Z,2017-09-01T23:00:00Z
Tezos,tezos,https://www.trackico.io/ico/tezos/,Trading,Finances,4.3,null,null,2017-07-01T12:00:00Z,2017-07-14T12:00:00Z
TenX,tenx,https://www.trackico.io/ico/tenx/,Trading,Finances,4.1,null,null,2017-06-27T13:00:00Z,2017-06-27T14:00:00Z
TaaS,taas,https://www.trackico.io/ico/taas/,Trading,Business,3.7,null,null,2017-03-27T12:00:00Z,2017-04-27T13:00:00Z
Suretly,suretly,https://www.trackico.io/ico/suretly/,Trading,Trading,3.9,null,null,2017-07-11T11:00:00Z,2017-08-11T11:00:00Z
Stox,stox,https://www.trackico.io/ico/stox/,Trading,Trading,4.3,null,null,2017-08-02T17:00:00Z,2017-08-04T01:00:00Z
bitJob,bitjob,https://www.trackico.io/ico/bitjob/,Trading,Internet,4.1,null,null,2017-09-12T21:00:00Z,2017-10-12T15:00:00Z
Stellar,stellar,https://www.trackico.io/ico/stellar/,Trading,Other,0,null,null,null,null
Storm,storm,https://www.trackico.io/ico/storm/,Trading,Other,3.7,null,null,2017-11-07T12:00:00Z,2017-11-27T12:00:00Z
Starbase,starbase,https://www.trackico.io/ico/starbase/,Trading,Other,4.3,null,null,2017-09-18T14:00:00Z,2017-10-06T14:00:00Z
Back To Earth,back-to-earth,https://www.trackico.io/ico/back-to-earth/,Trading,Games & Entertainment,2.2,null,null,null,null
Spectre,spectre,https://www.trackico.io/ico/spectre/,Trading,Trading,4.1,null,null,2017-11-17T12:00:00Z,2017-12-10T12:00:00Z
SingularDTV,singulardtv,https://www.trackico.io/ico/singulardtv/,Trading,Platform,3.1,null,null,null,null
SunContract,suncontract,https://www.trackico.io/ico/suncontract/,Trading,Ecology,4.6,null,null,2017-06-28T00:00:00Z,2017-08-01T23:59:59Z
Smoke.Network,smokenetwork,https://www.trackico.io/ico/smokenetwork/,Trading,Connectivity,4.4,null,null,2018-04-20T00:00:00Z,2018-05-15T00:00:00Z
SKinCoin,skincoin,https://www.trackico.io/ico/skincoin/,Trading,Cryptocurrency,3.1,null,null,2017-06-21T15:00:00Z,2017-07-19T23:59:59Z
Storj,storj,https://www.trackico.io/ico/storj/,Trading,Platform,4.4,null,null,2017-05-19T12:00:00Z,2017-05-25T12:00:00Z
Spectiv,spectiv,https://www.trackico.io/ico/spectiv/,Trading,Games & Entertainment,4.8,2017-12-08T00:00:00Z,2017-12-21T00:00:00Z,2017-12-21T00:00:00Z,2017-12-28T00:00:00Z
Shift,shift,https://www.trackico.io/ico/shift/,Trading,Other,2.6,null,null,null,null
SENSE,sense,https://www.trackico.io/ico/sense/,Trading,Connectivity,4.6,null,null,2017-11-07T13:00:00Z,2017-11-30T22:00:00Z
Sia,sia,https://www.trackico.io/ico/sia/,Trading,Other,2.8,null,null,null,null
Santiment,santiment,https://www.trackico.io/ico/santiment/,Trading,Finances,3.7,null,null,2017-07-04T15:00:00Z,2017-08-04T23:59:59Z
Filecoin,filecoin,https://www.trackico.io/ico/filecoin/,Trading,Platform,3.3,null,null,2017-08-10T22:00:00Z,2017-09-07T22:00:00Z
Anryze,anryze,https://www.trackico.io/ico/anryze/,Trading,Other,3.5,null,null,2017-09-12T12:00:00Z,2017-10-12T12:00:00Z
Rivetz,rivetz,https://www.trackico.io/ico/rivetz/,Trading,Internet,3.9,null,null,2017-08-10T21:00:00Z,2017-09-10T20:00:00Z
Red Pulse,red-pulse,https://www.trackico.io/ico/red-pulse/,Trading,Business,3.3,null,null,2017-10-08T14:00:00Z,2017-10-09T08:00:00Z
iExec,iexec,https://www.trackico.io/ico/iexec/,Trading,Platform,5,null,null,2017-03-12T12:00:00Z,2017-04-12T12:00:00Z
Imbrex,imbrex,https://www.trackico.io/ico/imbrex/,Trading,Real Estate,3.9,null,null,2017-07-31T04:00:00Z,2017-08-28T12:00:00Z
Augur,augur,https://www.trackico.io/ico/augur/,Trading,Platform,3.7,null,null,null,null
REAL,real,https://www.trackico.io/ico/real/,Trading,Real Estate,3.9,null,null,2017-08-31T18:00:00Z,2017-09-30T16:00:00Z
Qvolta,qvolta,https://www.trackico.io/ico/qvolta/,Trading,Cryptocurrency,3.9,null,null,2017-10-10T03:00:00Z,2017-10-10T04:00:00Z
Quantum Resistant,quantum-resistant,https://www.trackico.io/ico/quantum-resistant/,Trading,Other,2.8,null,null,null,null
Pylon Network,pylon-network,https://www.trackico.io/ico/pylon-network/,Trading,Ecology,4.1,null,null,2017-09-25T12:00:00Z,2017-10-03T12:00:00Z
Patientory,patientory,https://www.trackico.io/ico/patientory/,Trading,Platform,3.9,null,null,2017-05-31T12:00:00Z,2017-06-03T12:00:00Z
Presearch,presearch,https://www.trackico.io/ico/presearch/,Trading,Internet,4.4,null,null,2017-07-25T12:00:00Z,2017-10-31T12:00:00Z
Propy,propy,https://www.trackico.io/ico/propy/,Trading,Real Estate,3.5,null,null,2017-08-15T03:00:00Z,2017-09-15T16:00:00Z
Privatix,privatix,https://www.trackico.io/ico/privatix/,Trading,Internet,4.4,null,null,2017-10-19T14:00:00Z,2017-11-16T14:00:00Z
Populous,populous,https://www.trackico.io/ico/populous/,Trading,Business,3.1,null,null,null,null
PayPie,paypie,https://www.trackico.io/ico/paypie/,Trading,Platform,3.3,null,null,2017-10-15T12:00:00Z,2017-11-15T12:00:00Z
Peercoin,peercoin,https://www.trackico.io/ico/peercoin/,Trading,Other,2.4,null,null,null,null
Power Ledger,power-ledger,https://www.trackico.io/ico/power-ledger/,Trading,Ecology,3.9,null,null,2017-08-27T06:00:00Z,2017-09-14T06:00:00Z
Po.et,poet,https://www.trackico.io/ico/poet/,Trading,Social Media,3.3,null,null,2017-08-08T03:00:00Z,2017-08-08T03:30:00Z
Pillar,pillar,https://www.trackico.io/ico/pillar/,Trading,Software,4.4,null,null,2017-07-15T09:00:00Z,2017-07-18T09:00:00Z
DS Plus,ds-plus,https://www.trackico.io/ico/ds-plus/,Trading,Cryptocurrency,3.9,null,null,2017-09-10T12:00:00Z,2017-12-31T12:00:00Z
Polybius,polybius,https://www.trackico.io/ico/polybius/,Trading,Finances,3.7,null,null,2017-05-31T12:00:00Z,2017-06-30T12:00:00Z
Lampix,lampix,https://www.trackico.io/ico/lampix/,Trading,Platform,3.9,null,null,null,null
Prospectors Gold,prospectors-gold,https://www.trackico.io/ico/prospectors-gold/,Trading,Other,2.8,null,null,null,null
Payfair,payfair,https://www.trackico.io/ico/payfair/,Trading,Platform,3.7,null,null,2017-11-01T19:00:00Z,2017-11-30T19:00:00Z
Peerplays,peerplays,https://www.trackico.io/ico/peerplays/,Trading,Games & Entertainment,3,null,null,null,null
Primalbase,primalbase,https://www.trackico.io/ico/primalbase/,Trading,Business,3.1,null,null,2017-06-26T03:00:00Z,2017-06-27T15:00:00Z
Publica,publica,https://www.trackico.io/ico/publica/,Trading,Platform,4.6,null,null,2017-11-01T00:00:00Z,2017-12-01T00:00:00Z
Oxycoin,oxycoin,https://www.trackico.io/ico/oxycoin/,Trading,Other,3.7,null,null,2017-09-01T12:00:00Z,2017-10-01T12:00:00Z
OX Fina,ox-fina,https://www.trackico.io/ico/ox-fina/,Trading,Cryptocurrency,3.9,null,null,2017-07-01T00:00:00Z,2017-07-31T23:59:59Z
Octanox,octanox,https://www.trackico.io/ico/octanox/,Trading,Other,2.2,null,null,null,null
Opus,opus,https://www.trackico.io/ico/opus/,Trading,Games & Entertainment,4.3,null,null,2017-07-15T02:00:00Z,2017-08-25T02:00:00Z
Omni,omni,https://www.trackico.io/ico/omni/,Trading,Other,2.2,null,null,null,null
NVO,nvo,https://www.trackico.io/ico/nvo/,Trading,Platform,4.3,null,null,2017-05-23T00:00:00Z,2017-06-23T00:00:00Z
Fujinto,fujinto,https://www.trackico.io/ico/fujinto/,Trading,Cryptocurrency,4.1,null,null,2017-08-10T19:10:17Z,2017-09-10T19:55:59Z
Nimfamoney,nimfamoney,https://www.trackico.io/ico/nimfamoney/,Trading,Cryptocurrency,3.3,null,null,2017-08-29T12:00:00Z,2017-09-30T12:00:00Z
Neblio,neblio,https://www.trackico.io/ico/neblio/,Trading,Business,2.8,null,null,null,null
MyBit,mybit,https://www.trackico.io/ico/mybit/,Trading,Ecology,4.4,null,null,2017-07-17T23:40:00Z,2017-08-15T13:49:05Z
Matryx,matryx,https://www.trackico.io/ico/matryx/,Trading,Platform,4.3,null,null,2017-09-13T18:00:00Z,2017-11-15T18:00:00Z
Monetha,monetha,https://www.trackico.io/ico/monetha/,Trading,Business,4.6,null,null,2017-08-31T15:00:00Z,2017-08-31T15:18:00Z
GOLDMINT,goldmint,https://www.trackico.io/ico/goldmint/,Trading,Trading,4.4,null,null,2017-09-20T12:00:00Z,2017-11-10T13:00:00Z
Melon,melon,https://www.trackico.io/ico/melon/,Trading,Other,3,null,null,null,null
SyncFab,syncfab,https://www.trackico.io/ico/syncfab/,Trading,Platform,5,null,null,2018-01-01T00:00:00Z,2018-03-15T00:00:00Z
Monaco,monaco,https://www.trackico.io/ico/monaco/,Trading,Other,3.7,null,null,2017-05-18T12:30:00Z,2017-06-18T12:30:00Z
Musicoins,musicoins,https://www.trackico.io/ico/musicoins/,Trading,Other,2,null,null,null,null
MaidSafe,maidsafe,https://www.trackico.io/ico/maidsafe/,Trading,Other,2.8,null,null,null,null
Lunyr,lunyr,https://www.trackico.io/ico/lunyr/,Trading,Platform,3.3,null,null,2017-03-29T19:00:00Z,2017-04-27T15:00:00Z
Lisk,lisk,https://www.trackico.io/ico/lisk/,Trading,Other,3.1,null,null,null,null
Blocklancer,blocklancer,https://www.trackico.io/ico/blocklancer/,Trading,Business,5,null,null,2018-01-16T12:00:00Z,2018-03-01T11:32:00Z
Lykke,lykke,https://www.trackico.io/ico/lykke/,Trading,Other,3.3,null,null,null,null
ChronoBank,chronobank,https://www.trackico.io/ico/chronobank/,Trading,Software,3.7,null,null,2016-12-15T12:00:00Z,2017-02-15T12:00:00Z
LibraryCredits,librarycredits,https://www.trackico.io/ico/librarycredits/,Trading,Other,2.2,null,null,null,null
Latium,latium,https://www.trackico.io/ico/latium/,Trading,Cryptocurrency,2.6,null,null,2017-11-28T00:00:00Z,2017-12-28T00:00:00Z
KyberNetwork,kybernetwork,https://www.trackico.io/ico/kybernetwork/,Trading,Cryptocurrency,4.1,null,null,2017-09-15T12:00:00Z,2017-09-18T12:00:00Z
Komodo,komodo,https://www.trackico.io/ico/komodo/,Trading,Platform,2,null,null,null,null
Kin,kin,https://www.trackico.io/ico/kin/,Trading,Internet,4.3,null,null,2017-09-12T03:00:00Z,2017-09-26T03:00:00Z
KICKICO,kickico,https://www.trackico.io/ico/kickico/,Trading,Platform,4.6,null,null,2017-08-29T16:00:00Z,2017-09-16T21:00:00Z
Intelligent Trading Technologies,intelligent-trading-technologies,https://www.trackico.io/ico/intelligent-trading-technologies/,Trading,Trading,3.7,null,null,2017-08-18T12:00:00Z,2017-09-10T08:00:00Z
Internxt,internxt,https://www.trackico.io/ico/internxt/,Trading,Internet,3.1,null,null,2017-09-07T12:00:00Z,2017-09-27T12:00:00Z
INDICOIN,indicoin,https://www.trackico.io/ico/indicoin/,Trading,Cryptocurrency,3.9,null,null,2017-10-01T12:00:00Z,2017-11-01T18:00:00Z
Indorse,indorse,https://www.trackico.io/ico/indorse/,Trading,Other,4.1,null,null,2017-08-08T23:00:00Z,2017-09-07T00:00:00Z
ICON,icon,https://www.trackico.io/ico/icon/,Trading,Transport,4.4,null,null,2017-10-20T12:00:00Z,2017-10-21T01:00:00Z
Iconomi,iconomi,https://www.trackico.io/ico/iconomi/,Trading,Platform,3.5,null,null,null,null
Hive Project,hive-project,https://www.trackico.io/ico/hive-project/,Trading,Business,4.6,null,null,2017-07-03T23:00:00Z,2017-08-15T00:00:00Z
Humaniq,humaniq,https://www.trackico.io/ico/humaniq/,Trading,Platform,3.1,null,null,null,null
Hacken,hacken,https://www.trackico.io/ico/hacken/,Trading,Cryptocurrency,4.3,null,null,2017-10-31T12:00:00Z,2017-11-30T12:00:00Z
HireMatch,hirematch,https://www.trackico.io/ico/hirematch/,Trading,Business,4.8,null,null,2017-11-01T12:00:00Z,2018-02-15T12:00:00Z
Genesis Vision,genesis-vision,https://www.trackico.io/ico/genesis-vision/,Trading,Trading,4.3,null,null,2017-10-15T12:00:00Z,2017-11-15T12:00:00Z
Matchpool,matchpool,https://www.trackico.io/ico/matchpool/,Trading,Platform,3.7,null,null,2017-04-02T00:00:00Z,2017-04-04T00:00:00Z
Golem,golem,https://www.trackico.io/ico/golem/,Trading,Platform,3.9,null,null,null,null
Gnosis,gnosis,https://www.trackico.io/ico/gnosis/,Trading,Platform,4.3,null,null,2017-04-14T12:00:00Z,2017-04-14T13:00:00Z
Flyp.me,flypme,https://www.trackico.io/ico/flypme/,Trading,Platform,3.5,null,null,2017-09-28T15:00:00Z,2017-10-21T18:00:00Z
Fund Yourself Now,fund-yourself-now,https://www.trackico.io/ico/fund-yourself-now/,Trading,Cryptocurrency,4.4,null,null,2017-06-13T03:22:41Z,2017-07-31T13:00:00Z
Etherparty,etherparty,https://www.trackico.io/ico/etherparty/,Trading,Cryptocurrency,4.3,null,null,2017-10-01T03:00:00Z,2017-10-29T03:00:00Z
investFeed,investfeed,https://www.trackico.io/ico/investfeed/,Trading,Internet,4.3,null,null,2017-07-23T09:00:00Z,2017-08-07T09:00:00Z
Everex,everex,https://www.trackico.io/ico/everex/,Trading,Finances,4.1,null,null,2017-07-24T03:00:00Z,2017-08-30T03:00:00Z
EncryptoTel,encryptotel,https://www.trackico.io/ico/encryptotel/,Trading,Software,3.3,null,null,2017-04-24T12:00:00Z,2017-05-31T12:00:00Z
Electroneum,electroneum,https://www.trackico.io/ico/electroneum/,Trading,Other,3.7,null,null,2017-09-14T12:00:00Z,2017-10-23T12:00:00Z
Ethbits,ethbits,https://www.trackico.io/ico/ethbits/,Trading,Platform,3.5,null,null,null,null
EtherSportz,ethersportz,https://www.trackico.io/ico/ethersportz/,Trading,Fitness,3.9,null,null,null,null
Emphy,emphy,https://www.trackico.io/ico/emphy/,Trading,Real Estate,3.3,null,null,2017-10-07T12:00:00Z,2017-11-05T12:00:00Z
EOS,eos,https://www.trackico.io/ico/eos/,Trading,Cryptocurrency,4.6,null,null,2017-06-26T16:00:00Z,2018-06-12T00:00:00Z
Embermine,embermine,https://www.trackico.io/ico/embermine/,Trading,Platform,3.7,null,null,2017-05-05T05:00:00Z,2017-06-05T05:00:00Z
Edgeless,edgeless,https://www.trackico.io/ico/edgeless/,Trading,Platform,2.8,null,null,null,null
E4ROW,e4row,https://www.trackico.io/ico/e4row/,Trading,Platform,2.6,null,null,null,null
DomRaider,domraider,https://www.trackico.io/ico/domraider/,Trading,Platform,4.3,null,null,2017-09-12T08:00:00Z,2017-10-11T08:00:00Z
DCORP,dcorp,https://www.trackico.io/ico/dcorp/,Trading,Other,4.1,null,null,2017-06-01T15:00:00Z,2017-06-29T15:00:00Z
DOVU,dovu,https://www.trackico.io/ico/dovu/,Trading,Internet,3.5,null,null,2017-10-03T12:00:00Z,2017-10-17T17:00:00Z
district0x,district0x,https://www.trackico.io/ico/district0x/,Trading,Platform,4.4,null,null,2017-07-18T18:00:00Z,2017-08-01T19:00:00Z
Encrypgen,encrypgen,https://www.trackico.io/ico/encrypgen/,Trading,Software,3.7,null,null,null,null
Horizon State,horizon-state,https://www.trackico.io/ico/horizon-state/,Trading,Cryptocurrency,4.1,null,null,2017-10-16T03:00:00Z,2017-10-30T03:00:00Z
DigiPulse,digipulse,https://www.trackico.io/ico/digipulse/,Trading,Other,4.1,null,null,2017-10-01T12:00:00Z,2017-10-31T12:00:00Z
DigixDAO,digixdao,https://www.trackico.io/ico/digixdao/,Trading,Software,3,null,null,null,null
Dent,dent,https://www.trackico.io/ico/dent/,Trading,Connectivity,3,null,null,2017-07-12T21:38:32Z,2017-07-27T01:59:59Z
Digital Developers Fund,digital-developers-fund,https://www.trackico.io/ico/digital-developers-fund/,Trading,Cryptocurrency,3.9,null,null,2017-07-10T16:00:00Z,2017-10-09T16:00:00Z
DECENT,decent,https://www.trackico.io/ico/decent/,Trading,Social Media,2.8,null,null,null,null
Decred,decred,https://www.trackico.io/ico/decred/,Trading,Other,2.2,null,null,null,null
Dentacoin,dentacoin,https://www.trackico.io/ico/dentacoin/,Trading,Other,3.3,null,null,2017-10-01T12:00:00Z,2017-11-01T12:00:00Z
Debitum Network,debitum-network,https://www.trackico.io/ico/debitum-network/,Trading,Platform,5,null,null,2018-01-25T15:00:00Z,2018-02-25T15:00:00Z
Decent.bet,decentbet,https://www.trackico.io/ico/decentbet/,Trading,Other,3.7,null,null,2017-09-23T12:00:00Z,2017-10-21T12:00:00Z
Dash,dash,https://www.trackico.io/ico/dash/,Trading,Other,0,null,null,null,null
Civic,civic,https://www.trackico.io/ico/civic/,Trading,Other,3,null,null,2017-06-21T16:00:00Z,2017-06-28T16:00:00Z
CarTaxi,cartaxi,https://www.trackico.io/ico/cartaxi/,Trading,Travel,4.3,null,null,2017-09-29T00:00:00Z,2017-10-29T00:00:00Z
BitDice,bitdice,https://www.trackico.io/ico/bitdice/,Trading,Games & Entertainment,3.5,null,null,2017-08-15T11:54:20Z,2017-09-15T11:54:25Z
Starta,starta,https://www.trackico.io/ico/starta/,Trading,Trading,3,null,null,2017-07-04T03:00:00Z,2017-07-04T23:00:00Z
CreativeCoin,creativecoin,https://www.trackico.io/ico/creativecoin/,Trading,Other,3.1,null,null,null,null
COSS,coss,https://www.trackico.io/ico/coss/,Trading,Platform,3.5,null,null,2017-08-08T07:00:00Z,2017-09-06T07:00:00Z
Corion Platform,corion-platform,https://www.trackico.io/ico/corion-platform/,Trading,Platform,4.3,null,null,2017-06-18T04:03:36Z,2017-07-31T12:00:00Z
COBINHOOD,cobinhood,https://www.trackico.io/ico/cobinhood/,Trading,Cryptocurrency,4.4,null,null,2017-09-13T00:00:00Z,2017-10-22T00:00:00Z
Cryptonex,cryptonex,https://www.trackico.io/ico/cryptonex/,Trading,Other,3.7,null,null,2017-09-01T00:00:00Z,2017-09-30T00:00:00Z
Cindicator,cindicator,https://www.trackico.io/ico/cindicator/,Trading,Cryptocurrency,4.3,null,null,2017-09-12T15:00:00Z,2017-10-12T15:00:00Z
Compcoin,compcoin,https://www.trackico.io/ico/compcoin/,Trading,Finances,3.1,null,null,2017-06-14T00:00:00Z,2017-07-30T23:59:59Z
Cofound.it,cofoundit,https://www.trackico.io/ico/cofoundit/,Trading,Other,3.9,null,null,2017-06-07T18:00:00Z,2017-07-05T18:00:00Z
CoinDash,coindash,https://www.trackico.io/ico/coindash/,Trading,Platform,4.1,null,null,2017-07-17T18:00:00Z,2017-08-17T18:00:00Z
Cash Poker Pro,cash-poker-pro,https://www.trackico.io/ico/cash-poker-pro/,Trading,Games & Entertainment,4.3,null,null,2017-10-26T12:00:00Z,2017-11-18T12:00:00Z
Crypto20,crypto20,https://www.trackico.io/ico/crypto20/,Trading,Trading,4.4,null,null,2017-10-07T18:00:00Z,2017-12-05T23:00:00Z
Byteball,byteball,https://www.trackico.io/ico/byteball/,Trading,Other,2,null,null,null,null
BitShares,bitshares,https://www.trackico.io/ico/bitshares/,Trading,Other,1.9,null,null,null,null
Blockpool,blockpool,https://www.trackico.io/ico/blockpool/,Trading,Other,3.7,null,null,2017-05-01T12:00:00Z,2017-06-30T12:00:00Z
BOScoin,boscoin,https://www.trackico.io/ico/boscoin/,Trading,Other,4.3,null,null,2017-05-10T01:00:00Z,2017-05-10T20:00:00Z
Bolenum,bolenum,https://www.trackico.io/ico/bolenum/,Trading,Cryptocurrency,2.6,null,null,2017-07-15T00:00:00Z,2017-08-14T23:59:59Z
Blockpay,blockpay,https://www.trackico.io/ico/blockpay/,Trading,Platform,1.5,null,null,null,null
DAO.casino,daocasino,https://www.trackico.io/ico/daocasino/,Trading,Games & Entertainment,4.4,null,null,2017-06-29T16:00:00Z,2017-07-26T16:00:00Z
BlockCDN,blockcdn,https://www.trackico.io/ico/blockcdn/,Trading,Other,2.6,null,null,null,null
Aventus,aventus,https://www.trackico.io/ico/aventus/,Trading,Other,4.3,null,null,2017-09-06T15:00:00Z,2017-09-06T15:07:00Z
Authorship,authorship,https://www.trackico.io/ico/authorship/,Trading,Social Media,2.8,null,null,2017-08-15T00:00:00Z,2017-08-29T23:59:59Z
Atlant,atlant,https://www.trackico.io/ico/atlant/,Trading,Real Estate,4.3,null,null,2017-09-07T03:00:00Z,2017-11-01T03:00:00Z
ATB coin,atb-coin,https://www.trackico.io/ico/atb-coin/,Trading,Cryptocurrency,3.9,null,null,2017-06-12T03:00:00Z,2017-09-15T13:00:00Z
Aeron,aeron,https://www.trackico.io/ico/aeron/,Trading,Travel,4.3,null,null,2017-09-19T03:00:00Z,2017-10-31T06:00:00Z
Ark,ark,https://www.trackico.io/ico/ark/,Trading,Other,2,null,null,null,null
Aragon,aragon,https://www.trackico.io/ico/aragon/,Trading,Software,2.8,null,null,2017-05-17T12:00:00Z,2017-05-17T13:00:00Z
Antshares,antshares,https://www.trackico.io/ico/antshares/,Trading,Cryptocurrency,3.5,null,null,null,null
Synereo,synereo,https://www.trackico.io/ico/synereo/,Trading,Platform,3.1,null,null,null,null
Ambrosus,ambrosus,https://www.trackico.io/ico/ambrosus/,Trading,Health & Medicine,4.4,null,null,2017-09-13T03:00:00Z,2017-10-13T03:00:00Z
Aigang,aigang,https://www.trackico.io/ico/aigang/,Trading,Business,4.3,null,null,2017-11-15T12:00:00Z,2017-12-15T12:00:00Z
AirToken,airtoken,https://www.trackico.io/ico/airtoken/,Trading,Connectivity,4.3,null,null,2017-09-19T03:00:00Z,2017-09-28T03:00:00Z
Bowhead Health,bowhead-health,https://www.trackico.io/ico/bowhead-health/,Trading,Health & Medicine,3.9,null,null,2017-07-17T00:00:00Z,2017-08-31T23:59:59Z
aeternity,aeternity,https://www.trackico.io/ico/aeternity/,Trading,Platform,3.9,null,null,2017-05-29T00:00:36Z,2017-06-09T18:30:51Z
AdEx,adex,https://www.trackico.io/ico/adex/,Trading,Business,3.7,null,null,2017-06-30T03:00:00Z,2017-06-30T11:00:00Z
Adshares,adshares,https://www.trackico.io/ico/adshares/,Trading,Business,3.7,null,null,2017-07-07T00:00:00Z,2017-08-15T13:00:00Z